AH,Emocion
Orden,Neutral
Orden,Neutral
Orden,Neutral
Orden,Neutral
Orden,Neutral
Orden,Neutral
Orden,Neutral
Orden,Neutral
Orden,Neutral
Orden,Neutral
Orden,Neutral
Orden,Neutral
Orden,Neutral
Orden,Neutral
Orden,Neutral
Orden,Neutral
Orden,Neutral
Orden,Neutral
Orden,Neutral
Orden,Neutral
Orden,Neutral
Orden,Neutral
Orden,Neutral
Orden,Neutral
Orden,Neutral
Orden,Neutral
Orden,Neutral
Orden,Neutral
Orden,Neutral
Orden,Neutral
Orden,Neutral
Orden,Neutral
Orden,Neutral
Orden,Neutral
Orden,Neutral
Orden,Neutral
Orden,Neutral
Orden,Neutral
Orden,Neutral
Orden,Neutral
Orden,Neutral
Orden,Neutral
Orden,Neutral
Orden,Neutral
Orden,Neutral
Orden,Neutral
Orden,Neutral
Orden,Neutral
Orden,Neutral
Orden,Neutral
Orden,Neutral
Orden,Neutral
Orden,Neutral
Orden,Neutral
Orden,Neutral
Orden,Neutral
Orden,Neutral
Orden,Neutral
Orden,Neutral
Orden,Neutral
Orden,Neutral
Orden,Neutral
Orden,Neutral
Orden,Neutral
Orden,Neutral
Orden,Neutral
Orden,Neutral
Orden,Neutral
Orden,Neutral
Orden,Neutral
Orden,Neutral
Orden,Neutral
Orden,Neutral
Orden,Neutral
Orden,Neutral
Orden,Neutral
Orden,Neutral
Orden,Neutral
Orden,Neutral
Orden,Neutral
Orden,Neutral
Orden,Neutral
Orden,Neutral
Orden,Neutral
Orden,Neutral
Orden,Neutral
Orden,Neutral
Orden,Neutral
Orden,Neutral
Orden,Neutral
Orden,Neutral
Orden,Neutral
Orden,Neutral
Orden,Neutral
Orden,Neutral
Orden,Neutral
Orden,Neutral
Orden,Neutral
Orden,Neutral
Orden,Neutral
Orden,Neutral
Orden,Neutral
Orden,Neutral
Orden,Neutral
Orden,Neutral
Orden,Neutral
Orden,Neutral
Orden,Neutral
Orden,Neutral
Orden,Neutral
Orden,Neutral
Orden,Neutral
Orden,Neutral
Orden,Neutral
Orden,Neutral
Orden,Neutral
Orden,Neutral
Orden,Neutral
Orden,Neutral
Orden,Neutral
Orden,Neutral
Orden,Neutral
Orden,Neutral
Orden,Neutral
Orden,Neutral
Orden,Neutral
Orden,Neutral
Orden,Neutral
Orden,Neutral
Orden,Neutral
Orden,Neutral
Orden,Neutral
Orden,Neutral
Ruego,Neutral
Ruego,Neutral
Ruego,Neutral
Ruego,Neutral
Ruego,Neutral
Ruego,Neutral
Ruego,Neutral
Ruego,Neutral
Ruego,Neutral
Ruego,Neutral
Peticion,Neutral
Peticion,Neutral
Peticion,Neutral
Peticion,Neutral
Peticion,Neutral
Peticion,Neutral
Peticion,Neutral
Peticion,Neutral
Peticion,Neutral
Peticion,Neutral
Peticion,Neutral
Peticion,Neutral
Peticion,Neutral
Peticion,Neutral
Peticion,Neutral
Peticion,Neutral
Peticion,Neutral
Peticion,Neutral
Peticion,Neutral
Peticion,Neutral
Peticion,Neutral
Peticion,Neutral
Peticion,Neutral
Peticion,Neutral
Peticion,Neutral
Peticion,Neutral
Peticion,Neutral
Peticion,Neutral
Peticion,Neutral
Peticion,Neutral
Peticion,Neutral
Peticion,Neutral
Peticion,Neutral
Peticion,Neutral
Exigencia,Neutral
Exigencia,Neutral
Exigencia,Neutral
Exigencia,Neutral
Exigencia,Neutral
Exigencia,Neutral
Exigencia,Neutral
Exigencia,Neutral
Exigencia,Neutral
Exigencia,Neutral
Exigencia,Neutral
Exigencia,Neutral
Exigencia,Neutral
Exigencia,Neutral
Exigencia,Neutral
Exigencia,Neutral
Exigencia,Neutral
Exigencia,Neutral
Exigencia,Neutral
Exigencia,Neutral
Exigencia,Neutral
Exigencia,Neutral
Exigencia,Neutral
Exigencia,Neutral
Exigencia,Neutral
Exigencia,Neutral
Exigencia,Neutral
Exigencia,Neutral
Exigencia,Neutral
Exigencia,Neutral
Exigencia,Neutral
Exigencia,Neutral
Exigencia,Neutral
Exigencia,Neutral
Exigencia,Neutral
Exigencia,Neutral
Exigencia,Neutral
Exigencia,Neutral
Exigencia,Neutral
Exigencia,Neutral
Exigencia,Neutral
Exigencia,Neutral
Exigencia,Neutral
Exigencia,Neutral
Exigencia,Neutral
Exigencia,Neutral
Exigencia,Neutral
Exigencia,Neutral
Exigencia,Neutral
Exigencia,Neutral
Exigencia,Neutral
Exigencia,Neutral
Exigencia,Neutral
Exigencia,Neutral
Exigencia,Neutral
Exigencia,Neutral
Exigencia,Neutral
Exigencia,Neutral
Exigencia,Neutral
Exigencia,Neutral
Exigencia,Neutral
Exigencia,Neutral
Exigencia,Neutral
Exigencia,Neutral
Exigencia,Neutral
Exigencia,Neutral
Exigencia,Neutral
Exigencia,Neutral
Exigencia,Neutral
Exigencia,Neutral
Exigencia,Neutral
Exigencia,Neutral
Orden,Alegria
Orden,Alegria
Orden,Alegria
Orden,Alegria
Orden,Alegria
Orden,Alegria
Orden,Alegria
Orden,Alegria
Ruego,Alegria
Ruego,Alegria
Ruego,Alegria
Ruego,Alegria
Ruego,Alegria
Ruego,Alegria
Ruego,Alegria
Ruego,Alegria
Ruego,Alegria
Ruego,Alegria
Ruego,Alegria
Ruego,Alegria
Ruego,Alegria
Ruego,Alegria
Ruego,Alegria
Ruego,Alegria
Ruego,Alegria
Peticion,Alegria
Peticion,Alegria
Peticion,Alegria
Peticion,Alegria
Peticion,Alegria
Peticion,Alegria
Peticion,Alegria
Peticion,Alegria
Peticion,Alegria
Peticion,Alegria
Peticion,Alegria
Peticion,Alegria
Peticion,Alegria
Peticion,Alegria
Peticion,Alegria
Peticion,Alegria
Peticion,Alegria
Peticion,Alegria
Peticion,Alegria
Peticion,Alegria
Peticion,Alegria
Peticion,Alegria
Peticion,Alegria
Peticion,Alegria
Peticion,Alegria
Peticion,Alegria
Peticion,Alegria
Peticion,Alegria
Peticion,Alegria
Peticion,Alegria
Peticion,Alegria
Peticion,Alegria
Peticion,Alegria
Peticion,Alegria
Peticion,Alegria
Peticion,Alegria
Peticion,Alegria
Peticion,Alegria
Peticion,Alegria
Peticion,Alegria
Peticion,Alegria
Peticion,Alegria
Peticion,Alegria
Peticion,Alegria
Peticion,Alegria
Peticion,Alegria
Peticion,Alegria
Peticion,Alegria
Peticion,Alegria
Peticion,Alegria
Peticion,Alegria
Peticion,Alegria
Peticion,Alegria
Peticion,Alegria
Peticion,Alegria
Peticion,Alegria
Peticion,Alegria
Peticion,Alegria
Peticion,Alegria
Peticion,Alegria
Peticion,Alegria
Peticion,Alegria
Peticion,Alegria
Peticion,Alegria
Peticion,Alegria
Peticion,Alegria
Peticion,Alegria
Peticion,Alegria
Peticion,Alegria
Peticion,Alegria
Peticion,Alegria
Exigencia,Alegria
Exigencia,Alegria
Exigencia,Alegria
Exigencia,Alegria
Exigencia,Alegria
Exigencia,Alegria
Exigencia,Alegria
Exigencia,Alegria
Exigencia,Alegria
Orden,Tristeza
Orden,Tristeza
Orden,Tristeza
Orden,Tristeza
Orden,Tristeza
Orden,Tristeza
Orden,Tristeza
Orden,Tristeza
Orden,Tristeza
Orden,Tristeza
Orden,Tristeza
Orden,Tristeza
Orden,Tristeza
Orden,Tristeza
Orden,Tristeza
Orden,Tristeza
Orden,Tristeza
Ruego,Tristeza
Ruego,Tristeza
Ruego,Tristeza
Ruego,Tristeza
Ruego,Tristeza
Ruego,Tristeza
Ruego,Tristeza
Ruego,Tristeza
Ruego,Tristeza
Ruego,Tristeza
Ruego,Tristeza
Ruego,Tristeza
Ruego,Tristeza
Ruego,Tristeza
Ruego,Tristeza
Ruego,Tristeza
Ruego,Tristeza
Ruego,Tristeza
Ruego,Tristeza
Ruego,Tristeza
Ruego,Tristeza
Ruego,Tristeza
Ruego,Tristeza
Ruego,Tristeza
Ruego,Tristeza
Ruego,Tristeza
Ruego,Tristeza
Ruego,Tristeza
Ruego,Tristeza
Ruego,Tristeza
Ruego,Tristeza
Ruego,Tristeza
Ruego,Tristeza
Ruego,Tristeza
Ruego,Tristeza
Ruego,Tristeza
Ruego,Tristeza
Ruego,Tristeza
Ruego,Tristeza
Ruego,Tristeza
Ruego,Tristeza
Ruego,Tristeza
Ruego,Tristeza
Ruego,Tristeza
Ruego,Tristeza
Ruego,Tristeza
Ruego,Tristeza
Ruego,Tristeza
Ruego,Tristeza
Ruego,Tristeza
Ruego,Tristeza
Ruego,Tristeza
Ruego,Tristeza
Ruego,Tristeza
Ruego,Tristeza
Ruego,Tristeza
Ruego,Tristeza
Ruego,Tristeza
Ruego,Tristeza
Ruego,Tristeza
Ruego,Tristeza
Ruego,Tristeza
Ruego,Tristeza
Ruego,Tristeza
Ruego,Tristeza
Ruego,Tristeza
Ruego,Tristeza
Ruego,Tristeza
Ruego,Tristeza
Ruego,Tristeza
Ruego,Tristeza
Ruego,Tristeza
Ruego,Tristeza
Ruego,Tristeza
Ruego,Tristeza
Ruego,Tristeza
Ruego,Tristeza
Ruego,Tristeza
Ruego,Tristeza
Ruego,Tristeza
Ruego,Tristeza
Ruego,Tristeza
Ruego,Tristeza
Ruego,Tristeza
Ruego,Tristeza
Ruego,Tristeza
Ruego,Tristeza
Ruego,Tristeza
Ruego,Tristeza
Ruego,Tristeza
Ruego,Tristeza
Ruego,Tristeza
Ruego,Tristeza
Ruego,Tristeza
Ruego,Tristeza
Ruego,Tristeza
Ruego,Tristeza
Ruego,Tristeza
Ruego,Tristeza
Ruego,Tristeza
Ruego,Tristeza
Ruego,Tristeza
Ruego,Tristeza
Ruego,Tristeza
Ruego,Tristeza
Ruego,Tristeza
Ruego,Tristeza
Ruego,Tristeza
Ruego,Tristeza
Peticion,Tristeza
Peticion,Tristeza
Peticion,Tristeza
Peticion,Tristeza
Peticion,Tristeza
Peticion,Tristeza
Peticion,Tristeza
Peticion,Tristeza
Peticion,Tristeza
Peticion,Tristeza
Peticion,Tristeza
Peticion,Tristeza
Peticion,Tristeza
Peticion,Tristeza
Peticion,Tristeza
Peticion,Tristeza
Peticion,Tristeza
Peticion,Tristeza
Peticion,Tristeza
Peticion,Tristeza
Peticion,Tristeza
Peticion,Tristeza
Peticion,Tristeza
Peticion,Tristeza
Peticion,Tristeza
Peticion,Tristeza
Peticion,Tristeza
Peticion,Tristeza
Peticion,Tristeza
Peticion,Tristeza
Peticion,Tristeza
Peticion,Tristeza
Peticion,Tristeza
Peticion,Tristeza
Peticion,Tristeza
Peticion,Tristeza
Peticion,Tristeza
Peticion,Tristeza
Peticion,Tristeza
Peticion,Tristeza
Peticion,Tristeza
Peticion,Tristeza
Peticion,Tristeza
Exigencia,Tristeza
Exigencia,Tristeza
Exigencia,Tristeza
Exigencia,Tristeza
Exigencia,Tristeza
Exigencia,Tristeza
Exigencia,Tristeza
Exigencia,Tristeza
Exigencia,Tristeza
Exigencia,Tristeza
Exigencia,Tristeza
Exigencia,Tristeza
Exigencia,Tristeza
Exigencia,Tristeza
Exigencia,Tristeza
Orden,Miedo
Orden,Miedo
Orden,Miedo
Orden,Miedo
Orden,Miedo
Orden,Miedo
Orden,Miedo
Orden,Miedo
Orden,Miedo
Orden,Miedo
Orden,Miedo
Orden,Miedo
Orden,Miedo
Orden,Miedo
Orden,Miedo
Orden,Miedo
Orden,Miedo
Orden,Miedo
Orden,Miedo
Ruego,Miedo
Ruego,Miedo
Ruego,Miedo
Ruego,Miedo
Ruego,Miedo
Ruego,Miedo
Ruego,Miedo
Ruego,Miedo
Ruego,Miedo
Ruego,Miedo
Ruego,Miedo
Ruego,Miedo
Ruego,Miedo
Ruego,Miedo
Ruego,Miedo
Ruego,Miedo
Ruego,Miedo
Ruego,Miedo
Ruego,Miedo
Ruego,Miedo
Ruego,Miedo
Ruego,Miedo
Ruego,Miedo
Ruego,Miedo
Ruego,Miedo
Ruego,Miedo
Ruego,Miedo
Ruego,Miedo
Ruego,Miedo
Ruego,Miedo
Ruego,Miedo
Ruego,Miedo
Ruego,Miedo
Ruego,Miedo
Ruego,Miedo
Ruego,Miedo
Ruego,Miedo
Ruego,Miedo
Ruego,Miedo
Ruego,Miedo
Ruego,Miedo
Ruego,Miedo
Ruego,Miedo
Ruego,Miedo
Ruego,Miedo
Ruego,Miedo
Ruego,Miedo
Ruego,Miedo
Ruego,Miedo
Ruego,Miedo
Ruego,Miedo
Ruego,Miedo
Ruego,Miedo
Ruego,Miedo
Ruego,Miedo
Ruego,Miedo
Ruego,Miedo
Ruego,Miedo
Ruego,Miedo
Ruego,Miedo
Ruego,Miedo
Ruego,Miedo
Ruego,Miedo
Ruego,Miedo
Ruego,Miedo
Ruego,Miedo
Ruego,Miedo
Ruego,Miedo
Ruego,Miedo
Ruego,Miedo
Ruego,Miedo
Ruego,Miedo
Ruego,Miedo
Ruego,Miedo
Ruego,Miedo
Ruego,Miedo
Ruego,Miedo
Ruego,Miedo
Peticion,Miedo
Peticion,Miedo
Peticion,Miedo
Peticion,Miedo
Peticion,Miedo
Peticion,Miedo
Peticion,Miedo
Peticion,Miedo
Peticion,Miedo
Peticion,Miedo
Peticion,Miedo
Peticion,Miedo
Peticion,Miedo
Peticion,Miedo
Peticion,Miedo
Peticion,Miedo
Peticion,Miedo
Peticion,Miedo
Peticion,Miedo
Peticion,Miedo
Peticion,Miedo
Peticion,Miedo
Peticion,Miedo
Peticion,Miedo
Peticion,Miedo
Peticion,Miedo
Peticion,Miedo
Peticion,Miedo
Peticion,Miedo
Peticion,Miedo
Peticion,Miedo
Peticion,Miedo
Peticion,Miedo
Peticion,Miedo
Peticion,Miedo
Peticion,Miedo
Peticion,Miedo
Peticion,Miedo
Peticion,Miedo
Peticion,Miedo
Peticion,Miedo
Peticion,Miedo
Exigencia,Miedo
Exigencia,Miedo
Exigencia,Miedo
Exigencia,Miedo
Exigencia,Miedo
Exigencia,Miedo
Exigencia,Miedo
Exigencia,Miedo
Exigencia,Miedo
Exigencia,Miedo
Exigencia,Miedo
Exigencia,Miedo
Exigencia,Miedo
Exigencia,Miedo
Exigencia,Miedo
Exigencia,Miedo
Exigencia,Miedo
Exigencia,Miedo
Exigencia,Miedo
Exigencia,Miedo
Exigencia,Miedo
Exigencia,Miedo
Exigencia,Miedo
Exigencia,Miedo
Exigencia,Miedo
Exigencia,Miedo
Exigencia,Miedo
Exigencia,Miedo
Exigencia,Miedo
Exigencia,Miedo
Exigencia,Miedo
Exigencia,Miedo
Exigencia,Miedo
Exigencia,Miedo
Exigencia,Miedo
Orden,Enojo
Orden,Enojo
Orden,Enojo
Orden,Enojo
Orden,Enojo
Orden,Enojo
Orden,Enojo
Orden,Enojo
Orden,Enojo
Orden,Enojo
Orden,Enojo
Orden,Enojo
Orden,Enojo
Orden,Enojo
Orden,Enojo
Orden,Enojo
Orden,Enojo
Orden,Enojo
Orden,Enojo
Orden,Enojo
Orden,Enojo
Orden,Enojo
Orden,Enojo
Orden,Enojo
Orden,Enojo
Orden,Enojo
Orden,Enojo
Orden,Enojo
Orden,Enojo
Orden,Enojo
Orden,Enojo
Orden,Enojo
Orden,Enojo
Orden,Enojo
Orden,Enojo
Orden,Enojo
Orden,Enojo
Orden,Enojo
Orden,Enojo
Orden,Enojo
Orden,Enojo
Orden,Enojo
Orden,Enojo
Orden,Enojo
Orden,Enojo
Orden,Enojo
Orden,Enojo
Orden,Enojo
Orden,Enojo
Orden,Enojo
Orden,Enojo
Orden,Enojo
Orden,Enojo
Orden,Enojo
Orden,Enojo
Orden,Enojo
Orden,Enojo
Orden,Enojo
Orden,Enojo
Orden,Enojo
Orden,Enojo
Orden,Enojo
Orden,Enojo
Orden,Enojo
Orden,Enojo
Orden,Enojo
Orden,Enojo
Orden,Enojo
Ruego,Enojo
Ruego,Enojo
Ruego,Enojo
Ruego,Enojo
Ruego,Enojo
Peticion,Enojo
Peticion,Enojo
Peticion,Enojo
Peticion,Enojo
Peticion,Enojo
Peticion,Enojo
Peticion,Enojo
Peticion,Enojo
Peticion,Enojo
Peticion,Enojo
Peticion,Enojo
Exigencia,Enojo
Exigencia,Enojo
Exigencia,Enojo
Exigencia,Enojo
Exigencia,Enojo
Exigencia,Enojo
Exigencia,Enojo
Exigencia,Enojo
Exigencia,Enojo
Exigencia,Enojo
Exigencia,Enojo
Exigencia,Enojo
Exigencia,Enojo
Exigencia,Enojo
Exigencia,Enojo
Exigencia,Enojo
Exigencia,Enojo
Exigencia,Enojo
Exigencia,Enojo
Exigencia,Enojo
Exigencia,Enojo
Exigencia,Enojo
Exigencia,Enojo
Exigencia,Enojo
Exigencia,Enojo
Exigencia,Enojo
Exigencia,Enojo
Exigencia,Enojo
Exigencia,Enojo
Exigencia,Enojo
Exigencia,Enojo
Exigencia,Enojo
Exigencia,Enojo
Exigencia,Enojo
Exigencia,Enojo
Exigencia,Enojo
Exigencia,Enojo
Exigencia,Enojo
Exigencia,Enojo
Exigencia,Enojo
Exigencia,Enojo
Exigencia,Enojo
Exigencia,Enojo
Exigencia,Enojo
Exigencia,Enojo
Exigencia,Enojo
Exigencia,Enojo
Exigencia,Enojo
Exigencia,Enojo
Exigencia,Enojo
Exigencia,Enojo
Exigencia,Enojo
Exigencia,Enojo
Exigencia,Enojo
Exigencia,Enojo
Exigencia,Enojo
Exigencia,Enojo
Exigencia,Enojo
Exigencia,Enojo
Exigencia,Enojo
Exigencia,Enojo
Exigencia,Enojo
Exigencia,Enojo
Exigencia,Enojo
Exigencia,Enojo
Exigencia,Enojo
Exigencia,Enojo
Exigencia,Enojo
Exigencia,Enojo
Exigencia,Enojo
Exigencia,Enojo
Exigencia,Enojo
Exigencia,Enojo
Exigencia,Enojo
Exigencia,Enojo
Exigencia,Enojo
Exigencia,Enojo
Exigencia,Enojo
Exigencia,Enojo
Exigencia,Enojo
Exigencia,Enojo
Exigencia,Enojo
Exigencia,Enojo
Exigencia,Enojo
Exigencia,Enojo
Exigencia,Enojo
Exigencia,Enojo
Exigencia,Enojo
Exigencia,Enojo
Exigencia,Enojo
Exigencia,Enojo
Exigencia,Enojo
Exigencia,Enojo
Exigencia,Enojo
Exigencia,Enojo
Exigencia,Enojo
Orden,Sorpresa
Orden,Sorpresa
Orden,Sorpresa
Orden,Sorpresa
Orden,Sorpresa
Orden,Sorpresa
Orden,Sorpresa
Orden,Sorpresa
Ruego,Sorpresa
Ruego,Sorpresa
Ruego,Sorpresa
Ruego,Sorpresa
Ruego,Sorpresa
Ruego,Sorpresa
Ruego,Sorpresa
Ruego,Sorpresa
Ruego,Sorpresa
Ruego,Sorpresa
Ruego,Sorpresa
Ruego,Sorpresa
Ruego,Sorpresa
Ruego,Sorpresa
Ruego,Sorpresa
Ruego,Sorpresa
Ruego,Sorpresa
Ruego,Sorpresa
Ruego,Sorpresa
Ruego,Sorpresa
Ruego,Sorpresa
Ruego,Sorpresa
Ruego,Sorpresa
Ruego,Sorpresa
Peticion,Sorpresa
Peticion,Sorpresa
Peticion,Sorpresa
Peticion,Sorpresa
Peticion,Sorpresa
Peticion,Sorpresa
Peticion,Sorpresa
Peticion,Sorpresa
Peticion,Sorpresa
Peticion,Sorpresa
Peticion,Sorpresa
Peticion,Sorpresa
Peticion,Sorpresa
Peticion,Sorpresa
Peticion,Sorpresa
Peticion,Sorpresa
Peticion,Sorpresa
Peticion,Sorpresa
Peticion,Sorpresa
Peticion,Sorpresa
Peticion,Sorpresa
Peticion,Sorpresa
Peticion,Sorpresa
Peticion,Sorpresa
Peticion,Sorpresa
Peticion,Sorpresa
Peticion,Sorpresa
Peticion,Sorpresa
Peticion,Sorpresa
Peticion,Sorpresa
Peticion,Sorpresa
Peticion,Sorpresa
Peticion,Sorpresa
Peticion,Sorpresa
Peticion,Sorpresa
Peticion,Sorpresa
Peticion,Sorpresa
Peticion,Sorpresa
Peticion,Sorpresa
Peticion,Sorpresa
Peticion,Sorpresa
Peticion,Sorpresa
Peticion,Sorpresa
Peticion,Sorpresa
Peticion,Sorpresa
Exigencia,Sorpresa
Exigencia,Sorpresa
Exigencia,Sorpresa
Exigencia,Sorpresa
Orden,Asco
Orden,Asco
Orden,Asco
Orden,Asco
Orden,Asco
Orden,Asco
Orden,Asco
Orden,Asco
Orden,Asco
Orden,Asco
Orden,Asco
Ruego,Asco
Ruego,Asco
Ruego,Asco
Ruego,Asco
Ruego,Asco
Ruego,Asco
Ruego,Asco
Ruego,Asco
Peticion,Asco
Peticion,Asco
Peticion,Asco
Peticion,Asco
Peticion,Asco
Peticion,Asco
Peticion,Asco
Peticion,Asco
Peticion,Asco
Peticion,Asco
Peticion,Asco
Peticion,Asco
Peticion,Asco
Peticion,Asco
Peticion,Asco
Peticion,Asco
Exigencia,Asco
Exigencia,Asco
Exigencia,Asco
Exigencia,Asco
Exigencia,Asco
Exigencia,Asco
Exigencia,Asco
Exigencia,Asco
Exigencia,Asco
Exigencia,Asco
Exigencia,Asco
Exigencia,Asco
Exigencia,Asco
Exigencia,Asco
Exigencia,Asco
Exigencia,Asco
Exigencia,Asco
Exigencia,Asco
Exigencia,Asco
Exigencia,Asco
Exigencia,Asco
Exigencia,Asco
Exigencia,Asco
Exigencia,Asco
Exigencia,Asco
Exigencia,Asco
Exigencia,Asco
Exigencia,Asco
Exigencia,Asco
Exigencia,Asco
Exigencia,Asco
Exigencia,Asco
